kai;huening;kamal;kaikai;kakaokaokai@gmail.com
farah;natasya;farahh;tasya;tasya@gmail.com
diana;amalia;horanghae;ruby;hohohoshiii@gmail.com
didi;wes;jujuju;kokoko;kakakakkakak@gmail.com
jamal;izzat;jamall;jamal98;jamal@gmail.com
kamal;nabil;kamal_;kaka;kamal@gmail.com
fadhil;firdaus;fadhil;dhil98;fadhil2gmail.com
